time,device,measurement,value,unit
2026-10-01T07:00:00Z,greenhouse-01,temperature,18.00,C
2026-10-01T07:00:00Z,greenhouse-01,humidity,72.0,%
2026-10-01T07:00:00Z,greenhouse-02,temperature,17.50,C
2026-10-01T07:00:30Z,greenhouse-01,temperature,18.40,C
2026-10-01T07:00:30Z,greenhouse-01,humidity,71.6,%
2026-10-01T07:01:00Z,greenhouse-01,temperature,18.57,C
2026-10-01T07:01:00Z,greenhouse-01,humidity,71.2,%
2026-10-01T07:01:00Z,greenhouse-02,temperature,17.74,C
2026-10-01T07:01:30Z,greenhouse-01,temperature,18.49,C
2026-10-01T07:01:30Z,greenhouse-01,humidity,70.8,%
2026-10-01T07:02:00Z,greenhouse-01,temperature,18.37,C
2026-10-01T07:02:00Z,greenhouse-01,humidity,70.4,%
2026-10-01T07:02:00Z,greenhouse-02,temperature,17.98,C
2026-10-01T07:02:30Z,greenhouse-01,temperature,18.46,C
2026-10-01T07:02:30Z,greenhouse-01,humidity,70.0,%
2026-10-01T07:03:00Z,greenhouse-01,temperature,18.82,C
2026-10-01T07:03:00Z,greenhouse-01,humidity,69.6,%
2026-10-01T07:03:00Z,greenhouse-02,temperature,18.22,C
2026-10-01T07:03:30Z,greenhouse-01,temperature,19.25,C
2026-10-01T07:03:30Z,greenhouse-01,humidity,69.2,%
2026-10-01T07:04:00Z,greenhouse-01,temperature,19.50,C
2026-10-01T07:04:00Z,greenhouse-01,humidity,68.8,%
2026-10-01T07:04:00Z,greenhouse-02,temperature,18.46,C
2026-10-01T07:04:30Z,greenhouse-01,temperature,19.47,C
2026-10-01T07:04:30Z,greenhouse-01,humidity,68.4,%
2026-10-01T07:05:00Z,greenhouse-01,temperature,19.34,C
2026-10-01T07:05:00Z,greenhouse-01,humidity,68.0,%
2026-10-01T07:05:00Z,greenhouse-02,temperature,18.70,C
2026-10-01T07:05:30Z,greenhouse-01,temperature,19.35,C
2026-10-01T07:05:30Z,greenhouse-01,humidity,67.6,%
2026-10-01T07:06:00Z,greenhouse-01,temperature,19.64,C
2026-10-01T07:06:00Z,greenhouse-01,humidity,67.2,%
2026-10-01T07:06:00Z,greenhouse-02,temperature,18.94,C
2026-10-01T07:06:30Z,greenhouse-01,temperature,20.08,C
2026-10-01T07:06:30Z,greenhouse-01,humidity,66.8,%
2026-10-01T07:07:00Z,greenhouse-01,temperature,20.40,C
2026-10-01T07:07:00Z,greenhouse-01,humidity,66.4,%
2026-10-01T07:07:00Z,greenhouse-02,temperature,19.18,C
2026-10-01T07:07:30Z,greenhouse-01,temperature,20.45,C
2026-10-01T07:07:30Z,greenhouse-01,humidity,66.0,%
2026-10-01T07:08:00Z,greenhouse-01,temperature,20.31,C
2026-10-01T07:08:00Z,greenhouse-01,humidity,65.6,%
2026-10-01T07:08:00Z,greenhouse-02,temperature,19.42,C
2026-10-01T07:08:30Z,greenhouse-01,temperature,20.26,C
2026-10-01T07:08:30Z,greenhouse-01,humidity,65.2,%
2026-10-01T07:09:00Z,greenhouse-01,temperature,20.47,C
2026-10-01T07:09:00Z,greenhouse-01,humidity,64.8,%
2026-10-01T07:09:00Z,greenhouse-02,temperature,19.66,C
2026-10-01T07:09:30Z,greenhouse-01,temperature,20.89,C
2026-10-01T07:09:30Z,greenhouse-01,humidity,64.4,%
2026-10-01T07:10:00Z,greenhouse-01,temperature,21.27,C
2026-10-01T07:10:00Z,greenhouse-01,humidity,64.0,%
2026-10-01T07:10:00Z,greenhouse-02,temperature,19.90,C
